{
  "appId": "com.dzivansmart.app",
  "appName": "DziVan Smart",
  "webDir": "dist",
  "bundledWebRuntime": false,
  "server": {
    "androidScheme": "https",
    "allowNavigation": [
      "*.firebaseapp.com",
      "*.googleapis.com"
    ]
  },
  "plugins": {
    "SplashScreen": {
      "launchShowDuration": 2000,
      "backgroundColor": "#171717",
      "showSpinner": true,
      "androidSpinnerStyle": "small",
      "spinnerColor": "#eab308",
      "splashFullScreen": true,
      "splashImmersive": true
    }
  }
}